Id,SentimientoGeneral,AspectosPositivos,AspectosNegativos,Dificultad,RendimientoTecnico,BugsProblemas,Jugabilidad,HistoriaContenido,PrecioValor,InsightPrincipal,RecomendadoOriginal,RecomendadoBinario
17660,Positivo,"['Detalles y vida en la ciudad', 'Libertad en las misiones', 'Historia y personajes bien desarrollados', 'Innovaciones en la jugabilidad']","['Dificultad a veces desequilibrada', 'Falta de cierre en algunas misiones']",Equilibrado,Estable FPS con GTX 1070,['No mencionado'],Mecánicas variadas y exploración divertida,Temas profundos y bien ejecutados,Vale el precio completo por la experiencia,"Cyberpunk 2077 ofrece una experiencia única y rica en detalles, a pesar de algunos problemas menores.",Recomendado,1
7187,Negativo,"['Gráficos sólidos', 'Buena atmósfera', 'Música y banda sonora']","['Estado del juego decepcionante', 'Falta de mecánicas', 'Historia poco interesante', 'Repetitividad en misiones', 'Limitadas opciones de personalización']",No Mencionado,"Rendimiento estable al principio, pero con bugs que se volvieron más frecuentes","['Glitches gráficos', 'Animaciones extrañas', 'Texturas faltantes', 'Coches desapareciendo', 'Misiones sin poder completar']","Mecánicas y controles aceptables, pero falta de contenido significativo","Historia decepcionante hasta ahora, con misiones principales poco interesantes","No recomendado, se sugiere esperar un año para mejoras",Cyberpunk 2077 se siente incompleto y por debajo de los estándares de CDPR.,No recomendado,0
4187,Negativo,"['Gráficos sólidos', 'Buena atmósfera', 'Música y banda sonora']","['Bugs frecuentes y severos', 'Historia poco interesante', 'Mecánicas faltantes', 'Contenido repetitivo']",No Mencionado,Rendimiento estable con algunos problemas de bugs,"['Glitches gráficos', 'Animaciones extrañas', 'Texturas faltantes', 'Coches desapareciendo', 'Quests no finalizables']","Mecánicas y controles aceptables, pero falta de opciones de personalización","Historia decepcionante y no interesante, con misiones principales arruinadas por trailers",No Mencionado,El juego se siente incompleto y por debajo de los estándares de CDPR.,No recomendado,0
5415,Negativo,"['Hermoso entorno', 'Gran personalización', 'Momentos de emoción']","['Diseño de jefes frustrante', 'Sensación de falta de recompensa', 'Dificultad desproporcionada', 'Reutilización de enemigos y jefes']",Difícil,Problemas de rendimiento en la versión de PC,"['Caballo muere sin razón', 'Barras de salud de enemigos se rellenan extrañamente']",Mecánicas frustrantes y poco satisfactorias,Historia interesante con personajes fascinantes,No mencionado,"El juego es frustrante y poco gratificante, a pesar de algunos buenos elementos.",No recomendado,0
7751,Negativo,"['Combat responsive', 'Diverse enemy weapon and ability variety', 'Geographically impressive world', 'Creative character design']","['Poor design decisions', 'Repetitive content', 'Unbalanced weapon classes', 'Inconsistent magic', 'Bad camera', 'Technical issues', 'Boring quests', 'Disappointing story']",Equilibrado,Graphically antiquated with shader compilation stutter and disappointing framerates,"['Crashing', 'Cheating', 'Long hit registration times', 'Disconnects']",Missed opportunity with unbalanced combat and repetitive gameplay,Shockingly conservative with recycled plot points and less emotional investment,No mencionado,Elden Ring is a missed opportunity that fails to innovate and deliver a compelling story.,No recomendado,0
16503,Mixto,"['Historia interesante', 'Personajes bien desarrollados', 'Mundo detallado', 'Mecánicas RPG variadas', 'Banda sonora destacada']","['Sistema de lifepaths decepcionante', 'Bugs presentes', 'IA de NPCs deficiente', 'Sistema policial insatisfactorio']",No Mencionado,"Algunos bugs, pero sin caídas de FPS significativas y estabilidad aceptable.","['Bugs que rompen la inmersión', 'Problemas de IA de NPCs', 'Desaparición de vehículos a alta velocidad']","Mecánicas de juego variadas y entretenidas, pero con problemas de inmersión.","Historia cautivadora y personajes interesantes, comparable a otros grandes juegos.",No mencionado,"A pesar de sus fallos, el juego ofrece una experiencia rica en historia y personajes.",Recomendado,1
7805,Negativo,"['Gráficos', 'Banda sonora', 'Actuación de Keanu Reeves']","['IA de NPCs deficiente', 'Mecánicas de juego simplificadas', 'Falta de contenido prometido', 'Personalización de personajes limitada', 'Mundo poco inmersivo']",No Mencionado,Problemas de optimización,"['NPCs desaparecen', 'IA de policías deficiente', 'Problemas con el sistema de patrullas']",Mecánicas de juego lineales y simplificadas,"Historia y misiones decepcionantes, falta de impacto de las decisiones del jugador",No justificado por la cantidad de contenido,El juego no cumple con las expectativas y se siente incompleto.,No recomendado,0
13941,Mixto,"['fenomenal y rico combate', 'hermoso mundo lleno de secretos', 'diseño de niveles fantástico', 'oportunidad de explorar diferentes estilos de combate', 'alto techo de habilidad', 'contenido opcional masivo']","['problemas de rendimiento', 'caídas de frames en zonas de carga', 'no es para jugadores casuales']",Difícil,"El juego tiene problemas de rendimiento en zonas de carga, pero funciona bien en combate pesado.",['caídas de frames en zonas de carga'],Las mecánicas de combate son desafiantes y recompensan la exploración y la observación.,"La historia es oscura y retorcida, presentada de manera que el jugador debe deducirla a través de descripciones de objetos.",El juego es considerado de gran valor y mejor que otros títulos AAA en su estado actual.,"Elden Ring es un juego fenomenal que combina lo mejor de los títulos anteriores de FromSoftware, aunque presenta problemas técnicos que afectan la experiencia.",Recomendado,1
12814,Mixto,"['fenomenal y rico combate', 'hermoso mundo lleno de secretos', 'diseño de niveles fantástico', 'múltiples estilos de lucha', 'exploración recompensada', 'historia oscura y retorcida']","['problemas de rendimiento', 'caídas de frames en zonas de carga', 'no apto para jugadores casuales']",Difícil,"Problemas de rendimiento en zonas de carga, pero estable en combate intenso.",['caídas de frames en zonas de carga'],"Combate desafiante y variado, con un alto techo de habilidad.","Historia presentada de manera oscura y retorcida, con elecciones que impactan el final.","Valor sólido, mejor que otros juegos AAA en estado de lanzamiento.",Elden Ring es un juego fenomenal pero con problemas técnicos que afectan la experiencia.,Recomendado,1
13993,Mixto,"['Gráficos impresionantes', 'Variedad de estilos de juego', 'Modo foto excepcional', 'Música variada']","['Problemas de rendimiento', 'Bugs y glitches', 'Contenido secundario mal presentado', 'Falta de interactividad en el mundo']",Equilibrado,"Problemas de rendimiento y estabilidad, FPS inestables incluso en hardware potente.","['Glitches visuales', 'Personajes atrapados en objetos', 'Problemas al interactuar con el entorno']","Mecánicas variadas que permiten diferentes estilos de juego, pero con problemas en la presentación de misiones secundarias.","Historia interesante con personajes bien animados, pero con falta de profundidad en el contenido secundario.",No mencionado,"A pesar de sus fallos, el juego ofrece una experiencia única en un mundo bien diseñado.",Recomendado,1
10230,Mixto,"['Mundo abierto inmersivo y realista', 'Narrativa y personajes bien desarrollados', 'Exploración recompensada con encuentros únicos', 'Banda sonora destacada']","['Numerosos bugs y problemas técnicos', 'Mecánicas de RPG limitadas', 'Combate poco refinado', 'Problemas de inmersión debido a glitches']",No Mencionado,"A pesar de las mejoras, sigue teniendo problemas técnicos significativos","['Bloqueos suaves', 'Bugs gráficos y glitches técnicos', 'NPCs con problemas de carga', 'Diálogos con errores de animación']","Subpar, con mecánicas de combate y RPG limitadas",Narrativa fuerte con personajes memorables y finales satisfactorios,No Mencionado,"Cyberpunk 2077 es inmersivo y narrativamente fuerte, pero plagado de bugs y problemas técnicos.",Recomendado,1
5184,Negativo,"['Conducción de vehículos', 'Primeras horas de la historia']","['IA deficiente', 'Stealth muy malo', 'Combate mediocre', 'Falta de variedad en armas', 'Problemas de movimiento', 'Gráficos inconsistentes', 'Dificultad mal balanceada', 'Funcionalidad muy buggy']",No Mencionado,"Extremadamente buggy, con muchos glitches y problemas de funcionalidad","['Personajes glitchando', 'Coches atascados', 'Cortes de escenas no cargando', 'Animaciones no cargando', 'Diálogos superpuestos']","Mecánicas de combate y movimiento insatisfactorias, con problemas de control",La historia es buena al principio pero se siente apresurada y vacía al final,No mencionado,El juego tiene un buen inicio pero se desmorona debido a múltiples problemas técnicos y de diseño.,No recomendado,0
14558,Mixto,"['gráficos', 'diseño del mundo', 'historia y narrativa', 'banda sonora', 'actuación de voz']","['creación de personajes limitada', 'IA de NPCs', 'dificultad del juego', 'sistema de loot aburrido', 'mecánicas de crafting y mejora inútiles', 'navegación de UI complicada', 'impacto limitado de las elecciones de vida']",Fácil,No mencionado,"['bugs', 'glitches', 'problemas de rendimiento']","mediocre, combate y gunplay no son innovadores","buena, pero con personajes y facciones desaprovechados",esperar a que esté en oferta y más estable,"Es un buen juego con muchos defectos, pero no cumple con las expectativas de la publicidad.",Recomendado,1
19749,Mixto,"['Bien hecho', 'Alta calidad']","['Controles con retraso', 'Progresión de juego pobre', 'Historia confusa y críptica', 'Problemas de calidad de vida']",Difícil,Controles laggy y retraso en las entradas,"['Retraso en el movimiento al esquivar', 'Problemas de diseño en la interfaz']","Basada en el tiempo y patrones de ataque, no adecuada para todos los jugadores","Historia críptica y difícil de seguir, falta de motivación clara para el personaje",No mencionado,"El juego es desafiante y de alta calidad, pero su diseño críptico y problemas de control pueden frustrar a muchos jugadores.",Recomendado,1
5037,Negativo,"['caballo de combate', 'diversión adictiva']","['movimiento con retraso', 'mundo vacío', 'consumo de resistencia aleatorio', 'gráficos feos y deslavados', 'mecánicas de sigilo pobres', 'controles imprecisos', 'falta de innovación']",No Mencionado,"muy laggy, problemas de optimización","['crash del monitor', 'fallo en la pelea supuesta de pérdida', 'modelos de bajo resolución']","mecánicas de combate y sigilo decepcionantes, experiencia de juego aburrida",No mencionado,No mencionado,"El juego se siente aburrido y poco innovador, con problemas técnicos significativos.",No recomendado,0
15673,Mixto,"['Banda sonora brillante', 'Exploración amplia y satisfactoria', 'Diseño del mundo atractivo', 'Libertad en el combate', 'Encuentros de jefes asombrosos']","['Repetición de estructuras y enemigos', 'Problemas de rendimiento', 'Reutilización de contenido', 'Dificultad de algunos encuentros']",Equilibrado,"Corre a 60 FPS la mayor parte del tiempo, pero presenta problemas de rendimiento y tartamudeo.","['Problemas de frame pacing', 'Stuttering']",Combate similar a Dark Souls 3 con adiciones que mejoran la experiencia.,Contenido extenso pero con algunas áreas recicladas que afectan la sensación de descubrimiento.,No mencionado,"Elden Ring ofrece una experiencia de exploración y combate satisfactoria, pero sufre de repetición y problemas técnicos.",Recomendado,1
9218,Negativo,"['Música increíble', 'Historia bien entrelazada']","['Problemas de rendimiento', 'IA deficiente', 'Falta de personalización', 'Poca rejugabilidad', 'Mecánicas de combate aburridas', 'Actividades en la ciudad limitadas']",Equilibrado,"Lleno de problemas de rendimiento, especialmente en consolas.","['IA que hace spawn de NPCs de la nada', 'Policía que aparece de forma ilógica']","Mecánicas de combate aburridas y repetitivas, falta de profundidad en las habilidades.","Historia interesante pero no excepcional, finales sorprendentes.","No vale la pena, juego incompleto.",Un juego decepcionante que no cumple con las expectativas tras años de desarrollo.,No recomendado,0
2246,Negativo,[],"['Mecánicas de juego confusas', 'Narrativa inconsistente', 'Falta de personalización', 'Problemas de diseño en la interfaz', 'Decisiones de desarrollo cuestionables']",No Mencionado,No mencionado,[],Mecánicas de combate y control frustrantes,Narrativa superficial y sin desarrollo de personajes,No mencionado,Cyberpunk 2077 carece de una razón convincente para jugarlo debido a su diseño deficiente y narrativa inconsistente.,No recomendado,0
3656,Negativo,[],"['Mecánicas de juego confusas', 'Narrativa inconsistente', 'Falta de personalización', 'Problemas de diseño en la interfaz', 'Elementos de juego poco funcionales']",No Mencionado,No mencionado,[],Mecánicas de combate y control frustrantes,Narrativa poco satisfactoria y personajes mal desarrollados,No mencionado,"Cyberpunk 2077 carece de coherencia y funcionalidad, lo que dificulta disfrutarlo.",No recomendado,0
5249,Negativo,"['Historia y personajes bien desarrollados', 'Gráficos y sonido atractivos']","['Rendimiento pobre', 'Bugs y glitches constantes', 'IA deficiente', 'Mecánicas de juego poco satisfactorias']",No Mencionado,"Pobre, con muchos bugs y problemas de optimización","['T-posing', 'Modelos de personajes faltantes', 'Vehículos flotando', 'Armas equipadas incorrectamente']","Mecánicas de combate y exploración insatisfactorias, IA poco inteligente",Historia interesante pero superficial en temas de ciberpunk,No mencionado,Es un juego disfrutable pero muy afectado por problemas técnicos que arruinan la experiencia.,No recomendado,0
9343,Negativo,"['Historia y personajes bien desarrollados', 'Gráficos y sonido atractivos']","['Bugs y glitches constantes', 'Rendimiento pobre', 'IA deficiente', 'Falta de interactividad en el mundo']",No Mencionado,Problemas de rendimiento y bugs que afectan la experiencia,"['T-posing', 'Modelos de personajes faltantes', 'Vehículos atascados', 'Armas equipadas incorrectamente']","Mecánicas de combate y exploración insatisfactorias, falta de profundidad en el sistema de rol",Historia interesante pero superficial en temas de ciberpunk,No mencionado,Es un juego disfrutable pero muy afectado por problemas técnicos y falta de pulido.,No recomendado,0
9589,Negativo,"['Gráficos personalizables', 'Disfrute del gunplay y personajes']","['Excesiva cantidad de bugs', 'Controles confusos', 'Rendimiento inconsistente']",No Mencionado,"Rendimiento inestable, requiere ajustes para jugabilidad aceptable","['Bugs gamebreaking', 'Bugs visuales y de audio', 'NPCs apareciendo de la nada', 'Problemas de sincronización de audio']",Mecánicas de juego disfrutables pero con problemas de control,"Historia y personajes interesantes, pero no se ha completado",Recomendado esperar por arreglos y optimizaciones,"El juego tiene potencial, pero está lleno de problemas técnicos que arruinan la experiencia.",No recomendado,0
1517,Negativo,"['Gráficos personalizables', 'Disfrutable jugabilidad', 'Personajes interesantes']","['Excesiva cantidad de bugs', 'Controles confusos', 'Bajo rendimiento', 'Problemas de optimización']",No Mencionado,"Rendimiento inestable, FPS bajos, requiere optimización","['Enemigos desaparecen', 'Objetivos de misión no se completan', 'Cuerpos flotantes', 'Problemas de sincronización de audio', 'Interacciones fallidas con objetos']",Mecánicas de juego variadas pero con problemas de control,"Historia aceptable, pero no se ha completado",No mencionado,Recomiendo esperar por arreglos y optimizaciones antes de jugar.,No recomendado,0
8780,Negativo,"['Potencial del juego', 'Historia principal y misiones secundarias', 'Diseño estético y visual', 'Música']","['Baja inmersión', 'Opciones de personalización limitadas', 'NPCs sin vida', 'Sistema de ciberware poco satisfactorio', 'Limitada selección de ropa', 'Falta de actividades recreativas', 'Exploración poco gratificante']",No Mencionado,No mencionado,"['Bugs técnicos', 'IA de tráfico deficiente']",Mecánicas de juego insatisfactorias y falta de actividades en el mundo,"Historia y personajes bien desarrollados, pero falta de profundidad en la narrativa",No mencionado,"El juego tiene un gran potencial, pero actualmente no cumple con las expectativas.",No recomendado,0
4523,Negativo,"['Historia interesante', 'Combate decente']","['Falta de inmersión', 'Mundo vacío y poco detallado', 'IA de NPCs deficiente', 'Promesas no cumplidas por parte de los desarrolladores']",No Mencionado,"Necesita arreglos, pero los problemas fundamentales son más preocupantes","['IA de la policía deficiente', 'NPCs sin rutinas diarias']","Promete más de lo que ofrece, falta de profundidad en las decisiones","Buena historia, pero no suficiente para compensar otros aspectos","Debería esperar a parches o rebajas, no vale la pena a precio completo","El juego es solo promedio, con una historia que no logra salvar la falta de contenido y profundidad.",No recomendado,0
456,Negativo,"['Historia interesante', 'Combate decente']","['Falta de inmersión', 'Mundo vacío y poco detallado', 'IA de NPCs deficiente', 'Promesas incumplidas por parte de los desarrolladores']",No Mencionado,"Necesita arreglos, pero los problemas fundamentales son más preocupantes","['IA de la policía que aparece instantáneamente', 'NPCs que caminan en círculos']",Falta de profundidad en las decisiones y exploración,"Buena historia, pero no suficiente para compensar otros aspectos",Esperar parches o rebajas antes de comprar,El juego es promedio y no cumple con las expectativas establecidas por los desarrolladores.,No recomendado,0
1925,Negativo,"['Gráficos atractivos', 'Animaciones y sonidos de armas']","['Mala optimización', 'Problemas de rendimiento', 'Narrativa débil', 'Falta de desarrollo de personajes', 'Mecánicas de combate clunky', 'Personalización superficial', 'Interfaz de usuario irritante']",No Mencionado,"El juego corre extremadamente mal, con caídas de FPS y problemas de stuttering.","['Congelaciones en las cinemáticas', 'Objetos que aparecen y desaparecen', 'Texturas que se descargan', 'Problemas de física', 'Vehículos que manejan mal']","Mecánicas de combate mediocres y clunky, conducción incómoda, y hacking inconsistente.",Narrativa poco desarrollada y falta de opciones significativas en el juego.,"No vale la pena el precio actual, mejor esperar a que se arreglen los problemas.",El juego apenas funciona a nivel técnico y no ofrece una experiencia de diseño satisfactoria.,No recomendado,0
4745,Negativo,"['Gráficos atractivos', 'Mecánicas de disparo agradables']","['Rendimiento técnico deficiente', 'Narrativa lineal', 'Desarrollo de personajes pobre', 'Mecánicas de combate inconsistentes', 'Personalización superficial', 'Interfaz de usuario irritante']",No Mencionado,"El juego tiene un rendimiento muy pobre, con caídas de FPS y problemas de estabilidad.","['Congelaciones en las cinemáticas', 'Texturas que se descargan', 'Problemas de clipping', 'Vehículos que se comportan de manera extraña', 'Errores en la física']","La jugabilidad es inconsistente, con mecánicas de combate y conducción que no se sienten satisfactorias.","La historia es lineal y carece de desarrollo de personajes, lo que dificulta la inversión emocional.","No vale la pena el precio actual, se recomienda esperar a que se solucionen los problemas.",El juego apenas funciona a nivel técnico y no cumple con las expectativas de diseño.,No recomendado,0
8046,Negativo,"['Animaciones y sonidos de armas', 'Estética visual del mundo']","['Rendimiento técnico deficiente', 'Problemas de diseño en la jugabilidad', 'Falta de desarrollo de personajes', 'Mecánicas de combate inconsistentes', 'Personalización superficial del personaje', 'Interfaz de usuario irritante']",No Mencionado,"El juego corre extremadamente mal, con caídas de FPS y problemas de estabilidad.","['Congelaciones y tartamudeos en las cinemáticas', 'Objetos que aparecen y desaparecen', 'Problemas de física', 'Errores de clipping en animaciones']","Mecánicas de combate mediocres y clunky, con problemas en el sistema de sigilo y combate cuerpo a cuerpo.","La narrativa es inconsistente y carece de desarrollo de personajes, con decisiones que no tienen un impacto significativo.",No vale la pena comprarlo hasta que se solucionen los problemas y esté en oferta.,El juego apenas funciona a nivel técnico y no ofrece una experiencia de diseño satisfactoria.,No recomendado,0
15722,Positivo,"['Gran historia', 'Personajes interesantes', 'Amplio mundo para explorar', 'Mecánicas de juego variadas']","['Problemas de conducción', 'Dificultad para orientarse en la ciudad', 'Glitches gráficos menores']",Equilibrado,"Rendimiento aceptable en hardware limitado, con caídas de FPS en áreas concurridas","['Glitches gráficos menores', 'NPCs atravesando objetos', 'Personajes en posiciones extrañas']","Mecánicas de juego variadas y entretenidas, aunque la conducción es deficiente",Historia intrigante con un buen desarrollo de personajes,"Buena relación calidad-precio, especialmente en oferta","A pesar de algunos problemas técnicos y de conducción, el juego ofrece una experiencia envolvente y entretenida.",Recomendado,1
10076,Mixto,"['Ambientación inmersiva', 'Personajes bien diseñados y escritos', 'Jugabilidad sólida', 'Sistema de implantes divertido', 'Banda sonora excelente']","['Falta de ciertas características prometidas', 'Problemas de rendimiento en consolas', 'Bugs visuales y algunos game-breaking', 'Marketing engañoso']",Equilibrado,"Mejoró significativamente desde el lanzamiento, pero aún presenta problemas en consolas antiguas.","['Genitales saliendo de la ropa', 'NPCs comportándose de manera extraña', 'Caídas que causan bucles de animación', 'Muerte por caídas de poca altura']","Mecánicas de combate y exploración satisfactorias, aunque con algunas limitaciones en los perks.","Narrativa y personajes de alta calidad, comparables a otros grandes juegos.","Valor razonable, pero con expectativas de mejora futura.","A pesar de sus fallos, el juego ofrece una experiencia rica y envolvente que vale la pena explorar.",Recomendado,1
5827,Negativo,"['Visualmente impresionante', 'Gran atmósfera', 'Lore interesante', 'Buen sistema de combate', 'Grandes misiones secundarias', 'Sistema de perks y equipamiento de cyberware']","['Mala optimización', 'IA deficiente', 'Mecánicas decepcionantes', 'Historia recortada', 'Sistema de policías inexistente', 'Final cerrado sin posibilidad de continuar']",No Mencionado,"Pobre optimización, aún con bugs y problemas técnicos","['Minimap no se aleja al conducir', 'IA de NPCs muy limitada', 'Problemas con el sistema de policías']","Mecánicas decepcionantes, sensación de vacío en el mundo abierto","Historia buena pero muy recortada, final cerrado",No mencionado,"A pesar de algunos aspectos positivos, el juego está lleno de problemas y decepciones.",No recomendado,0
5399,Mixto,"['Banda sonora perfecta', 'Estética cyberpunk bien lograda', 'Personajes bien desarrollados como Panam y Judy', 'Mecánicas de combate satisfactorias', 'Efectos visuales de braindances y netrunning']","['Malas optimizaciones y rendimiento', 'Demasiados bugs y problemas técnicos', 'IA inexistente', 'Mala experiencia de conducción', 'Contenido y misiones recortadas', 'Opciones de diálogo sin impacto real']",Equilibrado,"Mal rendimiento y optimización, especialmente en hardware más antiguo.","['Físicas y animaciones defectuosas', 'Problemas de IA', 'Barras negras en pantalla al cargar', 'Errores en misiones y mecánicas']","Combate y mecánicas satisfactorias, pero con falta de balance.","Historia principal y personajes bien escritos, pero con contenido recortado.",No mencionado,Un gran juego que necesita más tiempo de desarrollo y parches para ser disfrutado plenamente.,No recomendado,0
13786,Mixto,"['Historia', 'Visuales', 'Música', 'Mundo bien construido', 'Inmersión']","['Numerosos bugs', 'Finales decepcionantes', 'Problemas de conducción', 'Diálogos limitados']",No Mencionado,"Problemas de rendimiento y bugs, pero ha mejorado con parches.","['Glitches', 'Problemas de estabilidad', 'Errores en el juego', 'Crashes aleatorios']","Experiencia de juego divertida, pero con problemas en mecánicas y conducción.",Historia bien construida pero decepcionante en los finales.,Valor razonable a pesar de los problemas.,"A pesar de sus fallos, Cyberpunk 2077 ofrece una experiencia divertida y extensa.",Recomendado,1
19075,Mixto,"['Ambiente cautivador de Night City', 'Libertad de exploración', 'Interacción con personajes interesantes']","['Expectativas no cumplidas', 'Problemas de narrativa', 'Bugs y glitches frecuentes']",No Mencionado,Bugs y glitches afectan la experiencia de juego,"['Glitches al surfear sobre el coche', 'Objetos flotantes', 'Personajes decapitados que siguen vivos']",Mecánicas de juego divertidas pero con problemas de narrativa,Narrativa inconsistente y problemas con la misión principal,No Mencionado,"Cyberpunk 2077 es un juego que existe entre lo bueno y lo malo, con un gran potencial pero lleno de problemas técnicos.",Recomendado,1
14650,Mixto,"['Mundo abierto enorme', 'Gráficos mejorados', 'Rendimiento técnico sólido', 'Infinita elección y secretos', 'Incluye todos los DLC']","['Animaciones pobres', 'Actuación de voz amateur', 'Diseño de misiones simplista', 'El juego muestra su edad']",Equilibrado,Rendimiento muy bueno con casi sin ralentizaciones y pocos bugs,['Pocos bugs mencionados'],"Mecánicas accesibles y variadas, pero con problemas en el diálogo y la interacción",Historia interesante pero con diseño de misiones simplista,Increíble relación calidad-precio para nuevos jugadores,"Skyrim Special Edition es una gran experiencia, aunque muestra su edad en varios aspectos.",Recomendado,1
17719,Mixto,"['clásica fórmula de souls', 'gran selección de armas y armaduras', 'historia bien escrita y cautivadora', 'nuevo sistema de elaboración intuitivo', 'jugabilidad dinámica']","['lanzamiento terrible con muchos bugs', 'encuentros de jefes mecánicamente aburridos', 'cantidad abominable de contenido reciclado', 'parches no anunciados rompen construcciones', 'contenido secundario poco interesante']",Equilibrado,"Problemas de rendimiento y bugs en el lanzamiento, pero la mayoría han sido rectificados.","['problemas de rendimiento', 'fallos y bloqueos', 'texturas que se rompen', 'problemas de clipping']","Combate fluido pero a veces torpe, mayor libertad para construir personajes.",Historia intrigante que requiere múltiples partidas para entenderla completamente.,"Recomendado en su estado actual, pero esperar una oferta si no eres fan del género.","Elden Ring es una aventura bien escrita y visualmente impresionante, pero sufre de problemas de diseño y reciclaje de contenido.",Recomendado,1
16867,Mixto,"['clásica fórmula de souls', 'gran selección de armas y armaduras', 'historia bien escrita y cautivadora', 'nueva mecánica de crafting intuitiva', 'combate más perdonador que en títulos anteriores']","['lanzamiento terrible con muchos bugs', 'encuentros de jefes mecánicamente aburridos', 'cantidad abominable de contenido reciclado', 'parches no anunciados rompen builds', 'experiencia de mundo abierto decepcionante']",Equilibrado,"Problemas de rendimiento en el lanzamiento, pero la mayoría han sido rectificados.","['fluctuaciones menores en la tasa de fotogramas', 'textura desgastada y problemas de clipping', 'volúmenes de bugs y caídas experimentadas']","Mecánicas de combate fluidas pero a veces torpes, libertad para construir personajes.",Historia intrigante que requiere múltiples partidas para comprender completamente.,"Juego decente que puede atraer a una audiencia más amplia, pero se sugiere esperar una oferta si no eres fan del género.","Elden Ring es una aventura bien escrita y visualmente impresionante, aunque su formato abierto no siempre se adapta bien a la fórmula clásica.",Recomendado,1
15911,Mixto,"['Diseños impresionantes', 'Gráficos asombrosos', 'Personajes memorables y bien escritos', 'Misiones secundarias ricas', 'Historia bien escrita', 'Simbolismo profundo', 'Banda sonora excelente']","['Jugabilidad aburrida después de un tiempo', 'Personalización limitada', 'Problemas con la ciberware', 'Consecuencias de acciones poco impactantes', 'Problemas técnicos y bugs', 'Expectativas no cumplidas']",No Mencionado,"Mal rendimiento y optimización, con muchos bugs y glitches","['Bugs y glitches legendarios', 'Problemas de optimización en RTX 3060']","Jugabilidad repetitiva y aburrida, aunque la historia y los personajes mantienen el interés",Historia principal bien escrita y llena de encuentros memorables,No es el momento adecuado para jugarlo debido a los problemas técnicos,"El juego tiene un gran mundo y personajes, pero está plagado de problemas técnicos y no cumple con las altas expectativas.",Recomendado,1
12193,Mixto,"['Diseños impresionantes', 'Gráficos asombrosos', 'Personajes memorables y bien escritos', 'Misiones secundarias ricas', 'Historia bien escrita', 'Simbolismo profundo', 'Banda sonora excelente']","['Jugabilidad aburrida después de un tiempo', 'Personalización limitada', 'Problemas con la ciberware', 'Consecuencias de las acciones poco impactantes', 'Problemas técnicos y bugs', 'Expectativas demasiado altas']",No Mencionado,"Problemas de optimización y rendimiento, muchos bugs y glitches","['Bugs y glitches legendarios', 'Problemas de optimización en RTX 3060']","Jugabilidad aburrida y repetitiva, aunque la historia y los personajes mantienen el interés",Historia principal bien escrita y llena de encuentros memorables,No Mencionado,"El juego tiene un gran mundo y personajes, pero está plagado de problemas técnicos y expectativas no cumplidas.",Recomendado,1
3473,Negativo,"['Ambicioso', 'Brillante en muchos aspectos']","['Diseño de combate horrible', 'Repetición de jefes', 'Problemas de conexión en cooperativo', 'Lag en PvP', 'Mala optimización en PC', 'Input lag y cola de acciones']",Equilibrado,"Mala optimización, problemas de conexión y lag","['Cámara problemática', 'Problemas de conexión en cooperativo', 'Input lag', 'Cola de acciones']","Mecánicas de combate frustrantes, especialmente contra jefes",No mencionado,No mencionado,"El juego tiene un gran potencial, pero sufre de problemas técnicos y de diseño que afectan la experiencia.",No recomendado,0
1242,Negativo,['Gráficos agradables en PC'],"['Bugs visuales y de juego', 'Mecánicas de juego aburridas', 'Falta de libertad en las decisiones', 'IA deficiente', 'Mundo no abierto como se prometió']",No Mencionado,Problemas de rendimiento y bugs técnicos,"['Bugs que impiden completar misiones', 'Vehículos que aparecen de manera errática', 'Cops que aparecen instantáneamente', 'Problemas con la mecánica de sigilo']",Mecánicas de juego genéricas y poco interesantes,Historia decepcionante y misiones repetitivas,No vale la pena a menos que esté en oferta masiva,No jugar este juego a menos que estés extremadamente aburrido.,No recomendado,0
19915,Mixto,"['Mundo inmersivo', 'Gráficos asombrosos', 'Gran cantidad de contenido', 'Decisiones que afectan la historia']","['Conducción de vehículos rígida', 'Sistema de waypoint deficiente', 'Mecánicas de juego mediocres', 'Asaltos con rifles ineficaces']",Equilibrado,"Estable, con algunos bugs visuales menores","['Caer a través del mapa', 'Bugs visuales ocasionales']","Promedio, con opciones creativas en sigilo pero falta de satisfacción","Historia decente, evita clichés aburridos, decisiones que afectan relaciones","Buena relación calidad-precio, comparable a una noche de salida","Un juego inmersivo que, a pesar de sus fallos, ofrece horas de diversión.",Recomendado,1
19010,Mixto,"['Historia rica y detallada', 'Personajes bien desarrollados', 'Opciones de misiones opcionales bien escritas']","['Rendimiento técnico horrible', 'Mundo vacío y poco contenido', 'Jugabilidad superficial y repetitiva']",No Mencionado,"Optimización horrible, pero visualmente impresionante",['No se mencionan bugs importantes'],"Jugabilidad superficial y vacía, con mecánicas de FPS poco pulidas","La historia es un punto fuerte, rica y emocionalmente impactante","No justifica el precio de 314 millones, se siente básico","A pesar de su rica narrativa, el juego es decepcionante en términos de jugabilidad y contenido.",Recomendado,1
7938,Negativo,"['Escritura impresionante', 'Secuencias de historia interesantes']","['Promesas incumplidas', 'Mundo poco interactivo', 'IA de vehículos deficiente', 'NPCs sin vida', 'Jugabilidad promedio', 'Dificultades con la optimización']",No Mencionado,"Se espera mejora en optimización y rendimiento, pero actualmente es deficiente.","['Problemas de rendimiento', 'Bugs técnicos']",Mecánicas de juego son promedio y no innovadoras.,"La historia tiene buenos momentos, pero la falta de profundidad en el rol afecta la experiencia.",El precio no justifica la calidad del contenido ofrecido.,El juego está marcado por promesas incumplidas y una experiencia que no cumple con las expectativas.,No recomendado,0
2055,Negativo,"['Escritura impresionante', 'Secuencias de historia interesantes']","['Promesas incumplidas', 'Mundo superficial', 'IA de vehículos deficiente', 'NPCs sin vida', 'Jugabilidad promedio', 'Dificultades con la optimización']",No Mencionado,"Problemas de optimización y rendimiento, bugs presentes","['Bugs técnicos', 'Problemas de rendimiento']","Mecánicas de juego promedio, combate y controles no innovadores",Historia interesante pero limitada en la jugabilidad y profundidad,Precio elevado para un producto incompleto,El juego decepciona al no cumplir con las expectativas creadas por su marketing.,No recomendado,0
6207,Negativo,"['Historia decente', 'Actuación de voz bastante buena']","['Problemas de rendimiento', 'Bugs técnicos', 'Mediocridad general del juego', 'Falta de profundidad en la historia', 'Mecánicas a medio terminar', 'Falta de personalización y decisiones significativas']",No Mencionado,Problemas de rendimiento y bugs técnicos,"['Errores en la página de reseñas', 'Mecánicas a medio terminar', 'Puertas bloqueadas', 'Problemas de IA y física']","Mecánicas no son terribles, pero la conducción es mediocre y el combate es básico","La historia no es mala, pero está llena de diálogos y no ofrece una experiencia de juego satisfactoria","No vale el precio completo, es un desastre anticipado",El juego no cumple con las expectativas y carece de la esencia del género cyberpunk.,No recomendado,0
3045,Negativo,"['Historia decente', 'Actuaciones de voz bastante buenas']","['Problemas de rendimiento', 'Bugs técnicos', 'Mediocridad general del juego', 'Falta de profundidad en la historia', 'Mecánicas a medio terminar', 'Falta de personalización de vehículos', 'IA y física deficientes']",No Mencionado,Problemas de rendimiento y bugs técnicos,"['Errores en la página de reseñas', 'Mecánicas a medio terminar', 'Puertas bloqueadas', 'Problemas de IA', 'Popping de texturas y modelos']","Mecánicas no son terribles, pero la conducción es mediocre y el combate es básico","La historia no es mala, pero es principalmente diálogo y carece de profundidad","No justifica el precio completo, es un desastre anticipado",El juego no cumple con las expectativas y carece de la esencia del género cyberpunk.,No recomendado,0
768,Negativo,"['Gráficos hermosos', 'Narrativa excepcional', 'Personajes bien escritos', 'Música fantástica']","['Problemas de optimización', 'Bugs y glitches', 'Mundo poco inmersivo', 'Repetitividad en la jugabilidad', 'Desconexión del personaje principal']",No Mencionado,Problemas de optimización y caídas de FPS frecuentes.,"['Bugs menores irritantes', 'Algunos bugs que requieren reiniciar el juego']","Divertida pero repetitiva, mecánicas simples.","Historia principal fenomenal, pero el personaje principal es poco memorable.","No vale el precio actual, mejor esperar una rebaja.",Un juego decepcionante que no cumple con las expectativas generadas.,No recomendado,0
18535,Mixto,"['Divertido', 'Mundo vivo', 'Múltiples finales', 'Contenido adicional en misiones secundarias']","['Problemas de gestión de inventario', 'Límites de munición no claros', 'Bugs gráficos', 'IA enemiga rota', 'Perk de desensamblaje defectuoso']",No Mencionado,"No está terminado, presenta bugs y problemas de optimización","['Bugs gráficos en escenas', 'IA enemiga que deja de responder', 'Problemas con el límite de munición', 'Gestión de inventario defectuosa']","Divertida, con exploración y misiones secundarias interesantes",Múltiples finales y decisiones que afectan la historia,Vale la pena al precio actual si se disfrutan las misiones secundarias,"El juego tiene problemas técnicos, pero ofrece una experiencia divertida y rica en contenido si se exploran las misiones secundarias.",Recomendado,1
1906,Mixto,"['Arte y diseño del mundo', 'Atención al detalle', 'Variedad de finales', 'Riqueza en la historia de las misiones']","['Problemas de optimización', 'Mecánicas de juego faltantes', 'Misiones aburridas', 'NPCs con scripting roto', 'Bugs y glitches frecuentes']",No Mencionado,"Problemas de rendimiento y optimización, especialmente con ray tracing en AMD.","['Duplicación de objetos', 'Minimapa mal diseñado', 'NPCs que no funcionan correctamente', 'Muerte aleatoria', 'Paneles de inventario lentos']",Mecánicas de juego interesantes pero con problemas de balance y scripting.,"Historia rica pero mal entregada, con exceso de texto y falta de contenido dinámico.","Vale la pena comprar y jugar, pero no cumple con su potencial.","Cyberpunk 2077 es una obra de arte con gran potencial, pero actualmente carece de muchas características que deberían estar presentes.",No recomendado,0
2563,Negativo,"['Sistema de cenizas de guerra es interesante', 'Variedad de construcciones', 'Dirección artística impresionante', 'Gran cantidad de armas y armaduras']","['Mundo abierto vacío y sin vida', 'Diseño de niveles deficiente', 'Mecánica de combate poco incentivada', 'Quests mal diseñadas y sin dirección']",No Mencionado,No mencionado,[],Mecánicas de combate poco satisfactorias y falta de incentivo para luchar,Narrativa débil y misiones poco interesantes,No mencionado,"A pesar de algunos aspectos positivos, el juego no logra enganchar debido a su diseño y mecánicas.",No recomendado,0
4554,Negativo,"['Historia aceptable', 'Modelos de personajes buenos']","['Mala optimización', 'Física de conducción terrible', 'IA tonta', 'Problemas de audio', 'Poca personalización del protagonista']",No Mencionado,"Rendimiento problemático, bugs técnicos y mala optimización","['NPCs aparecen y desaparecen', 'Objetos atascados', 'Problemas de carga del mundo', 'Desaparecen opciones de mejora de armas']","Mecánicas de juego promedio, controles y experiencia de juego insatisfactorios",Historia decente pero no suficiente para compensar los problemas,Recomendado solo con grandes descuentos debido a los problemas,"El juego tiene potencial, pero está lleno de problemas técnicos y de diseño que lo hacen difícil de recomendar.",No recomendado,0
5086,Negativo,"['Historia aceptable', 'Modelos de personajes buenos']","['Mala optimización', 'Física de conducción terrible', 'IA deficiente', 'Problemas de audio', 'Poca personalización del protagonista']",No Mencionado,Rendimiento problemático y mala optimización,"['NPCs aparecen y desaparecen', 'Objetos atascados', 'No se puede recoger botín', 'Desaparecen opciones de mejora de armas']","Mecánicas de juego promedio, con problemas en la conducción y la IA",Historia aceptable pero no sobresaliente,Recomendado solo con grandes descuentos debido a los problemas,"El juego tiene potencial, pero está lleno de problemas técnicos y de diseño que lo hacen difícil de recomendar.",No recomendado,0
4101,Negativo,"['Historia aceptable', 'Modelos de personajes buenos']","['Mala optimización', 'Física de conducción terrible', 'IA deficiente', 'Problemas de audio', 'Opciones de personalización limitadas']",No Mencionado,Rendimiento problemático y mala optimización,"['NPCs aparecen y desaparecen', 'Objetos atascados', 'No se puede recoger botín', 'Desaparecen opciones de mejora de armas']",Mecánicas de juego promedio y experiencia insatisfactoria,Contenido de historia decente pero no suficiente para compensar los problemas,Recomendado comprar con gran descuento debido a los problemas,"El juego tiene potencial, pero está lleno de problemas técnicos y de diseño que afectan la experiencia.",No recomendado,0
9023,Negativo,"['Animaciones más limpias', 'Momentos excepcionales en la facción Dawnguard']","['Combate repetitivo y poco satisfactorio', 'Decisiones sin impacto en la historia', 'Tonalidad disonante en las misiones', 'Historia superficial y poco interesante', 'Mecánicas de magia y alquimia aburridas y desbalanceadas', 'Misiones de gremios mal escritas y poco significativas']",No Mencionado,No mencionado,['No mencionado'],"Mecánicas de juego superficiales y poco satisfactorias, falta de decisiones significativas","Historia y misiones poco interesantes, falta de urgencia y conexión entre contenido secundario y principal",No mencionado,El juego es superficial y carece de la profundidad y complejidad que se espera de un RPG.,No recomendado,0
1390,Negativo,"['Atmósfera', 'Mundo abierto']","['Bugs', 'Optimización deficiente', 'IA de NPCs', 'Historia poco interesante', 'Mecánicas de juego limitadas']",No Mencionado,"Rendimiento deficiente, solo 60 FPS en configuraciones medias","['NPCs flotando', 'NPCs atravesando objetos', 'IA de enemigos defectuosa']","Mecánicas de juego limitadas y repetitivas, experiencia de juego decepcionante",Historia poco atractiva y misiones repetitivas,No mencionado,"El juego tiene un gran potencial, pero actualmente está lleno de problemas que afectan la experiencia.",No recomendado,0
5960,Mixto,"['Diseño del mapa', 'Visuales impresionantes', 'Gran cantidad de contenido', 'Diseño de sonido estelar']","['Optimización horrenda', 'Diseño de jefes poco equilibrado', 'Sistema de misiones confuso']",Equilibrado,"Horrenda optimización, difícil de mantener 60fps incluso en configuraciones bajas.","['Caídas de frames', 'Frameskipping en peleas de jefes']","Mecánicas interesantes pero mal balanceadas, combate poco satisfactorio.",Sistema de misiones confuso y poco accesible para nuevos jugadores.,No mencionado,"El juego es inmersivo y visualmente impresionante, pero tiene problemas significativos que afectan la experiencia.",No recomendado,0
4454,Negativo,"['Visuales impresionantes', 'Atención al detalle en personajes y entornos', 'Música emocionalmente impactante', 'Historia interesante']","['Mal estado en consolas de última generación', 'Optimización deficiente', 'Problemas de audio', 'NPCs poco desarrollados', 'Pocas armas y variedad de ropa']",No Mencionado,"Mal optimizado, bajo rendimiento en hardware decente","['Texturas faltantes', 'Problemas de audio', 'Triggers de misiones que no funcionan']","Jugabilidad básica, misiones secundarias repetitivas, sistema de habilidades poco impactante","Historia bien hecha pero no sobresaliente, aborda temas interesantes",No recomendable por el precio actual,"A pesar de algunos aspectos positivos, el juego no cumple con las expectativas y tiene muchos problemas.",No recomendado,0
6765,Negativo,"['Gráficos impresionantes', 'Variedad de actividades en misiones secundarias']","['Mundo poco inmersivo', 'Historia olvidable', 'IA deficiente', 'Problemas de rendimiento', 'Sistema de inventario molesto', 'Bugs constantes']",No Mencionado,"Mal optimizado, solo usa el 40% de la GPU","['Animaciones que se rompen', 'Sonidos faltantes', 'Diálogos que se superponen']","Mecánicas de combate pasables, pero con problemas de inmersión",Historia decepcionante y personajes aburridos,No recomendado por el estado técnico y la falta de contenido significativo,"El juego tiene un gran potencial visual, pero está plagado de problemas técnicos y una historia decepcionante.",No recomendado,0
149,Negativo,"['Estética visual', 'Creador de personajes', 'Sistema de progresión']","['Narrativa lineal', 'Falta de variedad en el mundo', 'Ilusión de elección', 'Repetitividad en misiones', 'Limitaciones en personalización']",No Mencionado,"Problemas técnicos frecuentes, pero no game breaking","['Texturas no cargando', 'NPCs flotando', 'Coches explotando', 'Animaciones repetitivas', 'Clipping de objetos']","Divertida pero inconsistente, mezcla de sandbox y narrativa lineal","Demasiado lineal y superficial, con personajes interesantes pero mal aprovechados","No justificado, incluso en oferta","A pesar de su atractivo visual, el juego es una decepción por su falta de contenido y problemas técnicos.",No recomendado,0
1910,Negativo,"['Combat y movimiento mejorados', 'Gráficos y diseño de jefes', 'Sistema de crafting', 'Uso del caballo en el mundo abierto']","['Pacing terrible', 'Jefes repetitivos y mal diseñados', 'Mundo vacío y repetitivo', 'Problemas de escalado en niveles']",Equilibrado,No mencionado,['No mencionado'],Mecánicas de combate complejas pero mal implementadas en algunos jefes,No mencionado,No mencionado,"A pesar de tener buenos momentos, el juego sufre de diseño de niveles pobre y jefes decepcionantes.",No recomendado,0
4608,Negativo,"['entretenimiento en la jugabilidad', 'jefes interesantes']","['fallos en la optimización', 'crashes frecuentes', 'grind excesivo para subir de nivel', 'invasiones constantes de jugadores desequilibrados', 'mecánicas de caída inconsistentes']",Equilibrado,Mal rendimiento con congelaciones y caídas de FPS,"['crashes que pueden corromper archivos guardados', 'bug de robo de runas por un enemigo', 'inconsistencias en el daño por caída']","Mecánicas frustrantes y desequilibradas, especialmente en PvP",No mencionado,No mencionado,"El juego tiene potencial, pero está lleno de problemas técnicos y de diseño que afectan la experiencia.",No recomendado,0
12914,Mixto,"['Gran capacidad de exploración y obtención de objetos', 'Diversidad de armas', 'Diseño de áreas bien logrado', 'Sistema de magia satisfactorio']","['Algunas armas se vuelven obsoletas en el juego tardío', 'Dificultad excesiva de algunos jefes', 'Mal diseño de ciertos combates en grupo', 'Falta de variedad en algunos tipos de magia']",Equilibrado,No mencionado,['Problemas con el tiempo de respuesta en ataques de jefes'],"Combate y mecánicas satisfactorias, aunque con algunos problemas en la escalabilidad de armas","Mundo bien diseñado con misiones y personajes interesantes, aunque a veces se siente vacío",Valor razonable para los jugadores que disfrutan de juegos difíciles,"Es un buen juego con fallos en la escalabilidad de armas y dificultad en algunos jefes, pero ofrece una experiencia de exploración y combate satisfactoria.",Recomendado,1
18609,Mixto,"['Gráficos impresionantes', 'Gran variedad de builds', 'Mecánicas de combate divertidas', 'Mundo lleno de secretos y lore', 'Interacción profunda con NPCs']","['Vaguedades en las misiones', 'Problemas de conexión en multijugador', 'Crashes y stutters ocasionales', 'Desbalance en PvP', 'Meta de builds poco atractiva']",Difícil,Problemas de estabilidad y crashes ocasionales,"['Desconexiones en multijugador', 'Crashes aleatorios', 'Stutters']",Mecánicas de juego bien diseñadas y exploración gratificante,"Profundidad en NPCs y misiones, pero con falta de claridad",No mencionado,"El juego es muy divertido y ofrece mucho contenido, pero tiene problemas de balance y conexión.",Recomendado,1
8385,Negativo,"['Gran diseño de mundo', 'Historia atractiva', 'Diseño de jefes interesante']","['Repetitividad en enemigos y jefes', 'Problemas de conexión en PvP', 'Rendimiento técnico deficiente', 'Controles de PC subóptimos']",Equilibrado,Problemas de rendimiento y congelaciones en pantallas de carga,"['Congelaciones en pantallas de carga', 'Problemas de rendimiento con shaders', 'Cursor del ratón se sale de la pantalla en configuraciones de múltiples monitores']",Mecánicas de combate divertidas pero con problemas de balance en PvP,Historia interesante pero con problemas de repetitividad en contenido,No mencionado,"Elden Ring es un juego con un gran diseño y mecánicas, pero plagado de problemas técnicos y de repetitividad.",No recomendado,0
2589,Negativo,"['vibrante mundo', 'buena utilización del suspense en la historia', 'música espectacular durante los tiroteos']","['sistema de perks aburrido', 'tramas convolutas', 'problemas técnicos', 'jugabilidad torpe', 'demasiados personajes']",No Mencionado,sufre de problemas técnicos significativos,"['nudidad parcial', 'pasar a través de paredes', 'pérdida de datos guardados', 'objetos desapareciendo']",la jugabilidad se siente inferior a otros juegos lanzados anteriormente,la historia puede ser interesante pero se ve afectada por demasiados personajes y subtramas,"no se menciona directamente, pero se sugiere esperar a parches","el juego es decepcionante y no cumple con las expectativas, a pesar de su mundo vibrante",No recomendado,0
9618,Negativo,"['Mundo vibrante', 'Uso del suspense en la historia', 'Banda sonora en tiroteos']","['Sistema de perks aburrido', 'Tramas convolutas', 'Problemas técnicos', 'Gunplay torpe', 'Pacing malo en las misiones']",No Mencionado,Problemas técnicos significativos y glitches frecuentes,"['Nudidad parcial', 'Pasar a través de paredes', 'Pérdida de datos guardados', 'Objetos desapareciendo', 'Descripciones de ítems atascadas en el HUD']",Mecánicas de juego insatisfactorias y gunplay inferior a otros títulos,Historia interesante pero con demasiados personajes y subtramas que la complican,No mencionado,"El juego es decepcionante y no cumple con las expectativas, a pesar de su mundo vibrante.",No recomendado,0
7887,Negativo,"['La ciudad se ve genial', 'La música es excelente', 'Los personajes son interesantes']","['Problemas fundamentales no resueltos', 'Mala narrativa y ritmo', 'Mecánicas aburridas', 'Sistema de botín deficiente', 'Economía del juego desequilibrada']",No Mencionado,No mencionado,['No mencionado'],"No es divertida, mecánicas aburridas y poco intuitivas","La historia tiene problemas de ritmo y desarrollo de personajes, aunque algunos finales son interesantes","Relación calidad-precio deficiente, economía del juego desequilibrada","A pesar de algunos elementos buenos, el juego tiene problemas fundamentales que lo hacen poco recomendable.",No recomendado,0
634,Negativo,"['La ciudad se ve genial', 'La música es excelente', 'Los personajes son interesantes']","['Problemas fundamentales no resueltos', 'Mala narrativa y ritmo', 'Mecánicas de juego aburridas', 'Sistema de botín deficiente', 'Economía del juego desequilibrada']",No Mencionado,No mencionado,['No mencionado'],"No es divertida, mecánicas aburridas y poco intuitivas","La historia tiene problemas de ritmo y desarrollo de personajes, pero algunos finales son interesantes","Economía del juego desequilibrada, no justifica el costo","A pesar de algunos elementos buenos, el juego es aburrido y tiene problemas fundamentales que no se han solucionado.",No recomendado,0
11799,Mixto,"['El mundo es fantástico con una arquitectura distópica sobresaliente.', 'La construcción del mundo es impresionante con vida en la ciudad.', 'Los personajes son sólidos, especialmente Jackie y Judy.', 'Los elementos RPG están presentes y permiten nuevas opciones de diálogo.']","['Bugs que pueden ser graves.', 'El sistema de policía y crimen es deficiente.', 'La conducción es mala y poco realista.', 'El combate se siente torpe y los disparos son débiles.', 'Los elementos RPG se sienten irrelevantes.', 'Pocas misiones secundarias orientadas a la historia.', 'La sensación de urgencia limita la exploración.', 'El final del juego es decepcionante y no ofrece un verdadero cierre.']",No Mencionado,Hay bugs y problemas técnicos que afectan la experiencia.,"['Bugs simples y algunos que son game-breaking.', 'La policía no persigue adecuadamente al jugador.', 'Colisiones en la conducción son problemáticas.']","Las mecánicas de combate y conducción son deficientes, lo que afecta la experiencia general.",La historia es interesante pero el final es insatisfactorio y no ofrece libertad al jugador.,No mencionado,"Cyberpunk 2077 es un buen juego si se busca una experiencia centrada en la historia, pero decepcionante como RPG tradicional.",Recomendado,1
1197,Negativo,"['64bit hace que el juego sea más estable', 'Mejora en la distancia de dibujado', 'La oclusión de lluvia mejora la inmersión', 'Alt-tab funciona correctamente', 'Mejoras en la cantidad de flora']","['Texturas pixeladas y de baja calidad', 'Compatibilidad de mods no como se prometió', 'No se han solucionado los bugs conocidos', 'No se lanzó el Creation Kit junto con el juego', 'Audio comprimido de mala calidad']",No Mencionado,"No se puede comentar sobre el rendimiento, pero se menciona que el juego original corre a 60fps sin mods.","['Bugs no solucionados de la edición especial', 'Incompatibilidad con ciertos mods']",No mencionada,No mencionada,"Se percibe como un movimiento codicioso por parte de Bethesda, no se justifica el precio.",La edición especial de Skyrim es decepcionante y parece un intento de Bethesda de obtener más dinero sin ofrecer mejoras significativas.,No recomendado,0
7237,Negativo,"['64bit hace que el juego sea más estable', 'Mejora en la distancia de dibujado', 'La oclusión de lluvia mejora la inmersión', 'Alt-tab funciona correctamente', 'Mejoras en la cantidad de flora']","['Texturas pixeladas y de baja calidad', 'Compatibilidad de mods no como se prometió', 'No se han solucionado los bugs existentes', 'Lanzamiento sin Creation Kit', 'Audio comprimido de mala calidad']",No Mencionado,"No se puede comentar sobre el rendimiento, pero se menciona que el juego original corre a 60fps","['Bugs no solucionados de la edición especial', 'Incompatibilidad con ciertos mods']",No mencionado,No mencionado,Se percibe como un movimiento codicioso por parte de Bethesda,La versión remasterizada de Skyrim decepciona por su falta de mejoras significativas y la percepción de codicia por parte de Bethesda.,No recomendado,0
9685,Negativo,"['Ciudad vasta y diversa', 'Gráficamente impresionante']","['Historia poco impactante', 'Mecánicas de juego genéricas', 'Sistema de sigilo deficiente', 'Combate poco satisfactorio', 'Música olvidable']",Equilibrado,No mencionado,"['Glitches', 'Falta de pulido']",Mecánicas de juego mundanas y genéricas,Historia y personajes poco memorables,No mencionado,Cyberpunk 2077 es un juego que decepciona por su falta de originalidad y profundidad.,No recomendado,0
4351,Negativo,"['Mundo inmersivo', 'Personajes bien desarrollados', 'Gráficos detallados', 'Banda sonora bien hecha']","['Bugs y glitches', 'Profundidad del mapa limitada', 'Misiones poco relevantes', 'Controles de conducción deficientes']",No Mencionado,Funcionó sin problemas en configuraciones altas,"['T-poses de personajes', 'Personajes desapareciendo', 'Vehículos comportándose erráticamente']","Mecánicas de juego aceptables, pero con problemas en la conducción","Historia inicial pulida, pero se siente recortada y las misiones de vida son irrelevantes",Se recomienda esperar a una oferta antes de comprar,"El juego tiene potencial, pero necesita mejoras significativas antes de ser recomendado a precio completo.",No recomendado,0
12860,Positivo,"['Mundo masivo y detallado', 'Excelente creación de personajes', 'Gráficos impresionantes', 'Música y sonido de alta calidad', 'Mecánica de crafting bien implementada', 'Multijugador con buenas ideas']","['Problemas de optimización en algunas áreas', 'Controles y UI pueden ser confusos para nuevos jugadores', 'Límite de 4 jugadores en multijugador', 'Problemas de conexión en multijugador', 'Desbalance en algunas mecánicas de PvP']",Equilibrado,"Optimización buena en máquinas más antiguas, pero con algunos problemas menores.","['Desconexiones en multijugador', 'Problemas de secuenciación en invocaciones']",Mecánicas de juego inmersivas y exploración satisfactoria.,"Contenido rico en exploración y descubrimiento, aunque no se menciona la historia en detalle.",Valor justo considerando la cantidad de contenido y la experiencia.,El juego es casi perfecto y ofrece una experiencia de juego única y llena de descubrimientos.,Recomendado,1
3982,Negativo,"['Polished game and smooth experience', 'Strong RPG elements', 'Incredible character customization']","['Many promised features missing', 'NPC behavior issues', 'Police AI problems', 'Lack of meaningful interactions']",No Mencionado,No mencionado,"['NPCs do not respond to player actions', 'Police spawn issues', 'NPCs repeat dialog indefinitely']",No mencionado,No mencionado,No mencionado,El juego no cumple con las expectativas debido a la falta de características prometidas y problemas de IA.,No recomendado,0
10379,Mixto,"['Historia interesante', 'Personajes bien desarrollados', 'Mundo detallado', 'Diversión en la jugabilidad']","['Bugs persistentes', 'Dificultad baja', 'Problemas con la conducción']",Fácil,"Bugs presentes, pero no afectan gravemente la experiencia","['Bugs visuales', 'Problemas de colisión']","Divertida, aunque fácil y con mecánicas simples","Historia buena, pero el enfoque en la acción puede ser frustrante",Recomendado comprar en oferta,Cyberpunk 2077 es un buen juego a pesar de sus imperfecciones.,Recomendado,1
11868,Mixto,"['Historia interesante', 'Personajes bien desarrollados', 'Mundo detallado', 'Diversión en el combate']","['Bugs persistentes', 'Dificultad inconsistente', 'Problemas de conducción', 'Crafting limitado']",Equilibrado,"Aún presenta bugs, pero menos que en el lanzamiento","['Personajes flotando', 'Armas pegadas a personajes']","Combate fácil pero divertido, mecánicas accesibles","Historia buena, pero requiere completar misiones secundarias para disfrutarla plenamente","Recomendado comprar en oferta, 48 o menos","Cyberpunk 2077 es un buen juego a pesar de sus imperfecciones, vale la pena jugarlo.",Recomendado,1
5750,Negativo,"['Gráficos impresionantes', 'Ambiente visual atractivo']","['Muchos bugs', 'Falta de personalización', 'Historia poco atractiva', 'Mecánicas de sigilo aburridas']",No Mencionado,Sin problemas de rendimiento significativos,"['Bugs en audio', 'Problemas con la mecánica de sigilo', 'Vehículos poco realistas']",Mecánicas limitadas y repetitivas,Historia poco atractiva y personajes no interesantes,No recomendado por la falta de contenido y características prometidas,"El juego tiene muchos bugs y carece de las características prometidas, lo que lo hace no recomendable en su estado actual.",No recomendado,0
16425,Mixto,"['Gran historia con múltiples opciones', 'Decisiones impactantes', 'Visuales hermosos y atmosféricos', 'Banda sonora increíble', 'Buena actuación de voz', 'Rejugabilidad ilimitada']","['Muchos bugs', 'Mal rendimiento en computadoras de gama baja', 'Mecánicas subutilizadas', 'Tareas de NCPD tediosas']",Equilibrado,"Mal rendimiento en hardware más antiguo, pero se espera que se solucione pronto.","['Bugs que afectan la inmersión', 'Problemas de juego aleatorios que requieren recargar partidas']","Controles buenos y bien pensados, combate divertido una vez que se mejora.",Historia impresionante con decisiones que afectan la narrativa y el desarrollo de personajes.,"Recomendado a precio completo, aunque puede haber problemas en hardware antiguo.","Cyberpunk 2077 es un RPG impresionante con una historia cautivadora, a pesar de sus problemas técnicos.",Recomendado,1
7049,Negativo,"['Gráficos impresionantes', 'Gran atmósfera de Night City', 'Interacción realista con personajes principales']","['Juego lleno de bugs', 'IA de NPCs deficiente', 'Personalización limitada del personaje', 'Mala conducción de vehículos']",No Mencionado,"Rendimiento aceptable en hardware adecuado, pero con problemas de optimización","['Cigarrillos flotando en la cara de personajes', 'NPCs atravesando objetos', 'Policía apareciendo detrás del jugador', 'Objetos gráficos incorrectos']","Mecánicas de combate y conducción insatisfactorias, aunque algunas armas son satisfactorias",Historia interesante y atractiva hasta el momento,"No recomendado en su estado actual, debería esperar a futuras actualizaciones",El juego no está listo y debería haber sido pospuesto para solucionar problemas significativos.,No recomendado,0
4106,Mixto,"['Gráficos de Night City', 'Narrativa sólida', 'Banda sonora impresionante']","['Falta de personalización', 'IA y NPCs deficientes', 'Problemas de rendimiento', 'Bugs constantes']",No Mencionado,"Rendimiento variable, con caídas de FPS en áreas urbanas.","['Glitches visuales', 'Misiones atascadas', 'Audio repetido']","Mecánicas de combate variadas pero frustrantes, experiencia de juego desigual.","Acto 1 decepcionante, personajes bien desarrollados pero finales insatisfactorios.",No mencionado,Cyberpunk 2077 es una experiencia decepcionante que necesita más tiempo de desarrollo.,No recomendado,0
17487,Mixto,"['Historia principal', 'Personajes bien desarrollados', 'Música impresionante', 'Diversión en misiones secundarias']","['IA de NPCs deficiente', 'Falta de actividades en el mundo', 'Problemas con la personalización de personajes', 'Sistema de policía malo', 'Bugs y glitches']",No Mencionado,"Lleno de bugs y glitches, pero sin bugs que rompan el juego.","['NPCs apareciendo de la nada', 'Coches volando', 'Glitches de clipping', 'Bugs relacionados con misiones']","Promedio, con mecánicas de combate y exploración decentes.",Gran historia y personajes que conectan con el jugador.,No Mencionado,"El juego tiene una gran historia y personajes, pero está plagado de problemas técnicos que afectan la experiencia.",Recomendado,1
6439,Negativo,['Momentos visuales en Night City'],"['Historia poco interesante', 'Mecánicas de juego superficiales', 'Falta de opciones de personalización', 'Recompensas de misiones no escaladas', 'Problemas de calidad de vida']",No Mencionado,No mencionado,['No mencionado'],"Mecánicas de combate y RPG poco efectivas, falta de impacto en las decisiones del jugador",La historia pierde interés y no genera conexión con los personajes,No mencionado,"El juego tiene problemas fundamentales que afectan la experiencia general, dejando una sensación de decepción.",No recomendado,0
6978,Negativo,"['Mundo y lore interesantes', 'Historia sólida']","['Interacciones superficiales', 'IA de NPCs deficiente', 'Sistema policial ineficaz', 'Decisiones sin consecuencias', 'Diálogos limitados', 'Impacto marginal de cibernéticas', 'Sistema de misiones poco interesante', 'IA de combate básica']",Equilibrado,No mencionado,"['NPCs que desaparecen', 'Interacciones sin respuesta', 'Misiones que no se actualizan']","Combate decente pero fácil de manipular, mecánicas de juego poco satisfactorias",Historia decente pero con poca profundidad en las decisiones,No mencionado,"El juego falla como RPG, sintiéndose más como un shooter en pasillos que como una aventura de mundo abierto.",No recomendado,0
4632,Negativo,"['Variedad en ataques cuerpo a cuerpo', 'Mecánica de cenizas de guerra', 'Diseño estético del mundo', 'Exploración y diseño de niveles']","['Diseño de enemigos y jefes', 'Combos interminables de los jefes', 'Repetición de jefes', 'Falta de sentido de logro en las batallas', 'Final decepcionante']",Equilibrado,No mencionado,[],"Combate desafiante pero frustrante, mecánicas de juego explotadas",Final decepcionante y falta de conexión emocional,No mencionado,El diseño de jefes arruina la experiencia y la rejugabilidad del juego.,No recomendado,0
14951,Positivo,"['Historia y misiones bien elaboradas', 'Experiencia de vida en la ciudad', 'Combate entretenido y equilibrado', 'Variedad de armas', 'Música excepcional']","['Bugs presentes', 'Oportunidades perdidas en actividades aleatorias', 'Conducción problemática', 'Sistema policial rudimentario', 'Impacto limitado de los diferentes comienzos']",Equilibrado,"Optimización buena en PC, con algunos problemas menores","['Múltiples problemas técnicos', 'Tráfico y atascos en el juego']",Mecánicas de combate y exploración muy disfrutables,Historia bien construida y diálogos pulidos,"Buena relación calidad-precio, horas de contenido","A pesar de algunos problemas, el juego ofrece una experiencia rica y entretenida.",Recomendado,1
1569,Negativo,"['Diseño visual de criaturas', 'Algunos paisajes agradables']","['Dificultad injusta', 'Mecánicas de juego frustrantes', 'Repetición de enemigos', 'Escritura deficiente', 'Falta de un registro de misiones', 'Distribución desequilibrada de objetos']",Difícil,No mencionado,"['Problemas de ubicación de NPCs', 'Requerimiento de objetos consumibles para cooperativo']","Frustrante, requiere consultar guías externas, mecánicas de combate limitadas","Escritura deficiente, misiones poco memorables, falta de desarrollo de personajes",No mencionado,"El juego es frustrante y carece de disfrute real, con una dificultad que se siente injusta.",No recomendado,0
1673,Negativo,['Divertido en algunos aspectos intangibles'],"['Conducción horrible', 'Personalización de personajes limitada', 'Disparos rígidos y poco satisfactorios', 'Actuación de voz deficiente', 'Escritura pobre y predecible']",Difícil,"No está listo para el mercado, necesita parches","['Problemas de conducción', 'Actuación de voz irregular']","Mecánicas de combate insatisfactorias, dificultad alta en combate cuerpo a cuerpo","Escritura y narrativa decepcionantes, giros predecibles",No vale 60 en su estado actual,El juego no está terminado y no debería haberse lanzado aún.,No recomendado,0
4737,Negativo,"['Divertido en algunos aspectos', 'Confianza en que se mejorará con parches futuros']","['Conducción horrible', 'Opciones de personalización limitadas', 'Disparos y combate poco satisfactorios', 'Actuaciones de voz deficientes', 'Escritura de la historia pobre y predecible']",Difícil,"No está listo para el mercado, necesita parches","['Conducción no funcional', 'Problemas de optimización']",Mecánicas de combate y conducción frustrantes,Escritura y desarrollo de la historia decepcionantes,No vale 60 en su estado actual,El juego no está terminado y no debería haberse lanzado aún.,No recomendado,0
4200,Negativo,"['Divertido en algunos aspectos', 'Potencial de mejora a futuro']","['Conducción horrible', 'Opciones de personalización limitadas', 'Combate poco satisfactorio', 'Actuación de voz deficiente', 'Escritura pobre y predecible']",Difícil,"No optimizado, juego no listo para el mercado","['Problemas de conducción', 'Errores en la actuación de voz']",Mecánicas de combate y conducción insatisfactorias,Escritura y narrativa decepcionantes,No vale 60 dólares en su estado actual,El juego no está terminado y no debería haberse lanzado aún.,No recomendado,0
12285,Positivo,"['Mundo abierto innovador', 'Variedad en mecánicas de juego', 'Diseño del mundo impresionante', 'Gráficos de alta calidad', 'Lore interesante']","['Problemas de lag en PvP', 'Diseño de misiones inconsistente', 'Dificultad de la IA en algunas misiones', 'Interfaz de usuario básica']",Equilibrado,Algunos problemas de lag y bugs en misiones,"['Misiones que no avanzan por condiciones estrictas', 'Bug que impide interacción con personajes']","Mecánicas variadas y accesibles, aunque con problemas en misiones","Lore bien presentado, pero misiones pueden ser confusas",No mencionado,"A pesar de algunos problemas, el juego ofrece una experiencia increíble y recomendable.",Recomendado,1
7816,Negativo,[],"['Juego imitación de baja calidad', 'Desarrollo apresurado por un equipo inexperto', 'Mundo vacío y sin vida', 'IA de NPCs deficiente', 'Misiones poco interesantes', 'Decisiones sin impacto real', 'Gráficos y animaciones pobres']",No Mencionado,Problemas técnicos distraen de la mala calidad del juego,[],"Mecánicas y controles deficientes, experiencia de juego insatisfactoria","Historia y misiones decepcionantes, sin contenido significativo","No vale la pena el precio, relación calidad-precio muy mala",Es un juego decepcionante que no cumple con las expectativas y no se recomienda.,No recomendado,0
12474,Mixto,"['Mundo y construcción del mundo', 'Narrativa y desarrollo de personajes', 'Potencial de la historia principal', 'Posibilidad de probar diferentes builds']","['Jugabilidad repetitiva', 'Actividades secundarias poco inspiradas', 'Bugs persistentes', 'Gameplay incompleto']",No Mencionado,"No muy pulido, requiere guardados frecuentes",['Bugs persistentes que requieren cargar guardados anteriores'],Intrigante pero se vuelve repetitiva rápidamente,Buena narrativa pero no se aprovecha todo su potencial,"Disfrutable y vale la pena jugarlo, especialmente para fans del género","Cyberpunk 2077 tiene el potencial de ser un clásico, pero sufre de problemas de jugabilidad y bugs.",Recomendado,1
11186,Mixto,"['Gráficos impresionantes en ocasiones', 'Historia principal y misiones secundarias disfrutables']","['Problemas técnicos y glitches', 'Sistema de tráfico y IA de policías deficiente', 'Final apresurado y anticlimático']",No Mencionado,"Corrió bastante bien en PC, pero con problemas visuales significativos","['Glitches gráficos', 'Problemas con sistemas RPG que no funcionan']","Más un FPS de acción que un RPG, con mecánicas decepcionantes",Historia principal atractiva pero final decepcionante,No Mencionado,"Cyberpunk 2077 tiene el potencial de ser un gran juego, pero fue lanzado en un estado decepcionante.",Recomendado,1
14895,Positivo,"['Gráficos fabulosos y realistas', 'Historia larga y con giros argumentales', 'Gran cantidad de misiones y contenido', 'Música y ambientación buenas', 'Sistema de combate mejorado', 'Posibilidad de jugar en diferentes dificultades']","['Falta de doblaje en castellano', 'Algunos bugs menores']",Equilibrado,"Jugué perfectamente en calidad ultra, sin problemas de rendimiento",['Bugs menores que desmerecen la jugabilidad'],Mecánicas de combate y exploración muy bien implementadas,"Historia y contenido muy ricos, con expansiones que aportan mucho","Recomendado comprarlo en descuento, buena relación calidad-precio","Un juego muy completo que ofrece muchas horas de diversión, especialmente si se explora todo.",Recomendado,1
1962,Negativo,"['Mundo amplio para explorar', 'Variedad de habilidades y sistemas de combate']","['Misiones repetitivas y poco interesantes', 'Narrativa débil y personajes poco desarrollados', 'Dungeons monótonos', 'Puzzles simplistas', 'Grind excesivo en el sistema de crafting']",No Mencionado,No mencionado,"['NPCs con voces repetidas', 'Problemas de marcado en misiones']",Mecánicas de combate variadas pero con problemas de progresión y grind,Historia y subtramas poco desarrolladas y sin inversión emocional,No mencionado,"A pesar de su gran mundo, la ejecución de la narrativa y las misiones es deficiente, lo que afecta la experiencia general.",No recomendado,0
9416,Negativo,"['Banda sonora perfecta', 'Actuaciones creíbles y fluidas']","['Desarrollo de la trama muy lento', 'Gunplay mediocre', 'Muchos bugs', 'Rendimiento técnico inaceptable', 'Mundo vacío y sin vida']",No Mencionado,"Rendimiento inaceptable, con caídas de FPS y problemas de optimización","['Crashes frecuentes', 'NPCs atrapados en paredes', 'Texturas mal pulidas', 'Iluminación defectuosa']","Jugabilidad lenta y aburrida, mecánicas de sigilo deficientes","Historia confusa y densa, con personajes poco desarrollados","No vale la pena el precio, esperar a parches",El juego decepciona en múltiples aspectos y no cumple con las expectativas.,No recomendado,0
